<?xml version="1.0" encoding="UTF-8"?>
<redirect-urls xmlns="http://www.demandware.com/xml/impex/redirecturl/2011-09-01">
    <redirect-url uri="/lydtest_cat">
        <destination-id>seche-cheveux</destination-id>
        <destination-type>category</destination-type>
        <status-code>301</status-code>
        <enabled-flag>true</enabled-flag>
        <copy-source-params>default</copy-source-params>
    </redirect-url>

    <redirect-url uri="/lydtest_url">
        <status-code>301</status-code>
        <enabled-flag>true</enabled-flag>
        <destination-url>/on/demandware.store/Sites-es-babyliss-Site/es_ES/Stores-Find</destination-url>
        <copy-source-params>default</copy-source-params>
    </redirect-url>

    <redirect-url uri="/lydtest_prod">
        <destination-id>DIGITALSENSOR6500</destination-id>
        <destination-type>product</destination-type>
        <status-code>301</status-code>
        <enabled-flag>true</enabled-flag>
        <copy-source-params>default</copy-source-params>
    </redirect-url>

    <redirect-url uri="/lydtest_content">
        <destination-id>about-us</destination-id>
        <destination-type>content</destination-type>
        <status-code>301</status-code>
        <enabled-flag>true</enabled-flag>
        <copy-source-params>default</copy-source-params>
    </redirect-url>

    <redirect-url uri="/lydtest_fold">
        <destination-id>blog</destination-id>
        <destination-type>folder</destination-type>
        <status-code>301</status-code>
        <enabled-flag>true</enabled-flag>
        <copy-source-params>default</copy-source-params>
    </redirect-url>

</redirect-urls>
